INSERT INTO unidades_medida (unidad_de_medida) VALUES
("Unidad")
, ("Litros")
, ("Kilogramos");

INSERT INTO tipos_de_documentos (tipo_documento) VALUES
("DNI")
, ("CUIL")
, ("CUIT");

INSERT INTO clientes (id_tipo_documento,documento,nombre,apellido) VALUES
(3,53269821325,"Areco", NULL)
, (3,53169854212,"Carremack", NULL)
, (3,43621598632,"Nestraduñol", NULL)
, (3,96532639654,"Rotary", NULL)
, (3,78785693369,"Lambertucci", NULL)
, (3,12532632221,"Superbol", NULL)
, (1,53169854,"Marcelo","Olivero")
, (1,13327329,"Stella","Bozan")
, (1,84632569,'Juan','Perez')
, (1,12368439,"Matthew","Christensen")
, (2,56423659,"Hoyt","Wyatt")
, (2,15635495,"Cora","Grant")
, (2,4896532,"Porter","Page")
, (2,45393268,"Jael","Sharp");

INSERT INTO productos (nombre_producto) VALUES
('Epoxi x 4lts')
, ('Epoxi x 10lts')
, ('Epoxi x 20lts')
, ('Epoxi satinado x 4lts')
, ('Epoxi satinado x 10lts')
, ('Epoxi satinado x 20lts')
, ('Epoxi mate x 4lts')
, ('Epoxi mate x 10lts')
, ('Epoxi mate x 20lts')
, ('Poliuretano x 4lts')
, ('Poliuretano x 10lts')
, ('Poliuretano x 20lts')
, ('Poliuretano satinado x 4lts')
, ('Poliuretano satinado x 10lts')
, ('Poliuretano satinado x 20lts')
, ('Poliuretano mate x 4lts')
, ('Poliuretano mate x 10lts')
, ('Poliuretano mate x 20lts')
, ('Esmalte sintetico x 1lts')
, ('Esmalte sintetico x 4lts') 
, ('Esmalte sintetico x 10lts')
, ('Esmalte sintetico x 20lts')
, ('Esmalte sintetico satinado x 1lts')
, ('Esmalte sintetico satinado x 4lts')
, ('Esmalte sintetico satinado x 10lts')
, ('Esmalte sintetico satinado x 20lts')
, ('Esmalte sintetico mate x 1lts')
, ('Esmalte sintetico mate x 4lts')
, ('Esmalte sintetico mate x 10lts')
, ('Esmalte sintetico mate x 20lts')
, ('Barniz x 1lts')
, ('Barniz x 4lts')
, ('Barniz x 10lts')
, ('Barniz x 20lts')
, ('Esmalte sintetico aluminio x1lts')
, ('Esmalte sintetico aluminio x4lts')
, ('Esmalte sintetico aluminio x10lts')
, ('Esmalte sintetico aluminio x20lts')
, ('Protector de ladrillos x 1lts')
, ('Protector de ladrillos x 4lts')
, ('Protector de ladrillos x 10lts')
, ('Protector de ladrillos x 20lts')
, ('Membrana liquida x 1lts')
, ('Membrana liquida x 4lts')
, ('Membrana liquida x 10lts')
, ('Membrana liquida x 20lts')
, ('Pintura vial x 4lts')
, ('Pintura vial x 10lts')
, ('Pintura vial x 20lts')
, ('Pintura vial reflectiva x 4lts')
, ('Pintura vial reflectiva x 10lts')
, ('Pintura vial reflectiva x 20lts')
, ('Enduido x 1lts')
, ('Enduido x 4lts')
, ('Enduido x 10lts')
, ('Enduido x 20lts')
, ('Fijador al agua x 1lts')
, ('Fijador al agua x 4lts')
, ('Fijador al agua x 1lts')
, ('Fijador al agua x 1lts')
, ('Texturado x 28kg')
, ('Antioxido x 1lts')
, ('Antioxido x 4lts')
, ('Antioxido x 10lts')
, ('Antioxido x 20lts')
, ('Thinner x 1lts')
, ('Thinner x 4lts')
, ('Thinner x 20lts')
, ('Aguarrás x 1lts')
, ('Aguarrás x 4lts')
, ('Aguarrás x 20lts')
, ('Latex x 1lts')
, ('Latex x 4lts')
, ('Latex x 10lts')
, ('Latex x 20lts');

INSERT INTO colores (color) VALUES
('Blanco')
, ('Negro')
, ('Gris cuarzo')
, ('Gris platino')
, ('Gris claro perlado')
, ('Gris luminoso')
, ('Gris clasico')
, ('Marfil claro')
, ('Pardo arcilla')
, ('Beige pardo')
, ('Pardo corzo')
, ('Verde ingles')
, ('Verde trafico')
, ('Verde señales')
, ('Verde cromo')
, ('Rosa claro')
, ('Pardo ocre')
, ('Azul frances')
, ('Celeste')
, ('Amarillo sol')
, ('Amarillo miel')
, ('Amarillo pastel')
, ('Rojo lila')
, ('Naranja palido')
, ('Rojo anaranjado')
, ('Rojo pardo')
, ('Rojo bermellon')
, ('Rojo tomate')
, ('Rojo viejo')
, ('Amarillo naranja')
, ('Amarillo vial')
, ('Amarillo azafran')
, ('Transparente')
, ("Caoba")
, ("Roble Oscuro")
, ("Nogal");

INSERT INTO choferes (nombre,apellido) VALUES
("Oscar", "Martinez")
, ("Eugenio", "Bogado")
, ("Lissette", "Orta")
, ("Hector", "Perez")
, ("Miguel", "Possinni");

INSERT INTO tipos_de_empleados (tipo_de_empleado) VALUES
("Administrativo")
, ("Obrero")
, ("Vendedor");

INSERT INTO empleados (id_tipo_empleado,nombre,dni,sueldo) VALUES
(2,"Martin", 15698368, 224000)
, (2,"Julian", 11364982, 224000)
, (2,"Mateo",91354396,224000)
, (2,"Miguel",13653630,224000)
, (2,"Sergio",54932656,224000)
, (1,"Flor", 11235468, 224000)
, (3,"Maria", 95123654, 224000);

INSERT INTO proveedores (nombre) VALUES
("Prolac")
, ("Crilen")
, ("Ivanovich")
, ("Triplas")
, ("Amichem")
, ("Sodimac")
, ("Salttech")
, ("DuPont")
, ("PQS")
, ("Attinel")
, ("Clariant")
, ("AkzoNobel");

INSERT INTO materiales (id_proveedor, nombre_material) VALUES
(1,"Thinner")
, (1,"Aguarrás")
, (2,"Resina alquidica")
, (2,"Resina acrilica")
, (2,"Resina poliuretanica")
, (3,"Latas 20lts")
, (4,"Pails 20lts")
, (4,"Pails 10lts")
, (3,"Latas 4lts")
, (3,"Latas 1lt")
, (5,"Pigmento azul")
, (5,"Pigmento amarillo")
, (5,"Pigmento ocre")
, (5,"Pigmento azul")
, (5,"Pigmento negro")
, (5,"Pigmento rojo")
, (5,"Piedra epoxi")
, (3,"Latas para diluyente 1lts")
, (3,"Latas para diluyente 4lts")
, (3,"Latas para diluyente 18lts")
, (5,"Talco")
, (5,"Cobalto")
, (5,"Anticapa")
, (6,"Cuarzo")
, (12,"Enduido")
, (7,"Hexametafosfato")
, (2,"Emulsion")
, (8,"Titanio")
, (10,"Espesante") 
, (10,"Amoniaco")
, (11,"Dispersante")
, (9,"Antiespuma")
, (12,"Poliamida")
, (12,"Poliisocianato");

INSERT INTO pedidos_proveedores (id_proveedor,id_empleado,fecha) VALUES 
(2,6,CURDATE())
, (1,6,CURDATE());

INSERT INTO detalle_pedido_proveedor (id_pedido_proveedor,id_material,id_unidad_medida,cantidad) VALUES
(1,3,2,600)
, (2,1,2,1000);

INSERT INTO telefonos (id_proveedor,id_empleado,id_chofer,id_cliente,telefono) VALUES
(NULL,NULL,NULL,1,1123654878)
, (NULL,NULL,NULL,2,1136251515)
, (NULL,NULL,NULL,3,1154652565)
, (NULL,NULL,NULL,4,1186452563)
, (NULL,NULL,NULL,5,1196585456)
, (NULL,NULL,NULL,6,1198562386)
, (NULL,NULL,NULL,7,1186453986)
, (NULL,NULL,NULL,8,1184658645)
, (NULL,NULL,NULL,9,1184654443)
, (NULL,NULL,NULL,10,1146232156)
, (NULL,NULL,NULL,11,1164668855)
, (NULL,NULL,NULL,12,1151566899)
, (NULL,NULL,NULL,13,1148956369)
, (NULL,NULL,NULL,14,1184561985)
, (NULL,NULL,1,NULL,1145621389)
, (NULL,NULL,2,NULL,1112396374)
, (NULL,NULL,3,NULL,1154631313)
, (NULL,NULL,4,NULL,1156431232)
, (NULL,NULL,5,NULL,1145132222)
, (NULL,1,NULL,NULL,1184561985)
, (NULL,2,NULL,NULL,1125612356)
, (NULL,3,NULL,NULL,1145212233)
, (NULL,4,NULL,NULL,1145455456)
, (NULL,5,NULL,NULL,1145442335)
, (NULL,6,NULL,NULL,1145453321)
, (NULL,7,NULL,NULL,1165465464)
, (1,NULL,NULL,NULL,1145665466)
, (2,NULL,NULL,NULL,1148655333)
, (3,NULL,NULL,NULL,1154664599)
, (4,NULL,NULL,NULL,1178564689)
, (5,NULL,NULL,NULL,1155546899)
, (6,NULL,NULL,NULL,1186541866)
, (7,NULL,NULL,NULL,1186549868)
, (8,NULL,NULL,NULL,1184658656)
, (9,NULL,NULL,NULL,1184515312)
, (10,NULL,NULL,NULL,1186458652)
, (11,NULL,NULL,NULL,1186566698)
, (12,NULL,NULL,NULL,1156333356);

INSERT INTO emails (id_proveedor,id_empleado,id_cliente,email) VALUES
(NULL,NULL,1,"ipsum.donec.sollicitudin@aol.org")
, (NULL,NULL,1,"aenean.egestas@protonmail.couk")
, (NULL,NULL,2,"in.at@google.edu")
, (NULL,NULL,4,"at.pede@yahoo.ca")
, (NULL,NULL,5,"sapien.nunc@aol.com")
, (NULL,NULL,6,"consequat.nec@hotmail.org")
, (NULL,NULL,7,"lorem@icloud.edu")
, (NULL,NULL,8,"fringilla.est.mauris@yahoo.net")
, (NULL,NULL,9,"non.enim.mauris@outlook.ca")
, (NULL,NULL,10,"nascetur.ridiculus.mus@google.ca")
, (NULL,NULL,11,"phasellus.ornare@outlook.com")
, (NULL,NULL,12,"lectus@protonmail.ca")
, (NULL,NULL,13,"ipsum.dolor@protonmail.net")
, (NULL,NULL,14,"facilisis.facilisis@protonmail.edu")
, (NULL,1,NULL,"ac.orci.ut@protonmail.edu")
, (NULL,2,NULL,"eget.magna.suspendisse@protonmail.ca")
, (NULL,3,NULL,"amet.orci@google.ca")
, (NULL,4,NULL,"luctus.curabitur@icloud.couk")
, (NULL,5,NULL,"vulputate@google.com")
, (NULL,6,NULL,"dui.fusce@aol.edu")
, (NULL,7,NULL,"vel@hotmail.org")
, (1, NULL, NULL, 'mocalleran0@time.com')
, (2, NULL, NULL, 'sthacke1@businesswire.com')
, (3, NULL, NULL, 'ngoulbourn2@gnu.org')
, (4, NULL, NULL, 'estockwell3@behance.net')
, (5, NULL, NULL, 'pscamerden4@marriott.com')
, (6, NULL, NULL, 'achasmoor5@gizmodo.com')
, (7, NULL, NULL, 'mivoshin6@jugem.jp')
, (7, NULL, NULL, 'sstealfox7@wufoo.com')
, (9, NULL, NULL, 'tonions8@elpais.com')
, (10, NULL, NULL, 'dbleasdille9@weather.com')
, (11, NULL, NULL, 'aoshevlana@foxnews.com')
, (12, NULL, NULL, 'vderyebarrettb@reuters.com');

INSERT INTO direcciones (id_proveedor,id_empleado,id_cliente,direccion,provincia,ciudad,cp) VALUES
(NULL,NULL,1, "Calle Poa 2346", "Buenos Aires", "CABA",1234)
, (NULL,NULL,2, "Alberdi 299", "Neuquen", "Plottier",2233)
, (NULL,NULL,3, "Gorostiaga 3016", "Santa Fe", "Santa Fe",1122)
, (NULL,NULL,4, "Cangallo 862", "Buenos Aires", "General Rodriguez",3322)
, (NULL,NULL,5, "Membrillar 759", "Buenos Aires", "CABA",3636)
, (NULL,NULL,6, "Belgrano 1846", "Corrientes", "Corrientes Capital",1223)
, (NULL,NULL,7, "Av Eva Peron 6850", "Buenos Aires", "Merlo",8866)
, (NULL,NULL,8, "Benito Juarez 3398", "Buenos Aires", "CABA",6956)
, (NULL,NULL,9, "Condié 26", "Buenos Aires", "Temperley",4451)
, (NULL,NULL,9, "9 de julio 7103", "Buenos Aires", "Jose Leon Suarez",6321)
, (NULL,NULL,9, "Posadas 1069", "Buenos Aires", "CABA",4632)
, (NULL,NULL,9, "Calle 5 3810", "Buenos Aires", "La Plata",1900)
, (NULL,NULL,9, "Lemos 2529", "Mendoza", "Barrio Pujos", 5555)
, (NULL,NULL,9, "Alberdi 349", "Tucuman", "Monteros", 6553)
, (NULL,1,NULL, "Quesada 6554", "Buenos Aires", "Lanús", 1880)
, (NULL,2,NULL, "Madrid 6323", "Buenos Aires", "Remedios de Escalda", 1856)
, (NULL,3,NULL, "Lujan 3457", "Buenos Aires", "Quilmes", 5641)
, (NULL,4,NULL, "Plumerillos 3252", "Buenos Aires", "Wilde", 1321)
, (NULL,5,NULL, "Uspallata 3366", "Buenos Aires", "Alsina", 6523)
, (NULL,6,NULL, "Saenz  2121", "Buenos Aires", "CABA", 1320)
, (NULL,7,NULL, "Madariaga 3322", "Santa Fe", "Rosario", 1133)
, (1,NULL,NULL, "Weild 6362", "Rio Negro", "Bariloche", 5637)
, (1,NULL,NULL, "Lepic 5454", "Buenos Aires", "CABA", 6513)
, (1,NULL,NULL, "Av Riestra 6232", "La Pampa", "Santa Rosa", 7541)
, (1,NULL,NULL, "Pobladora 4444", "Chubut", "Trelew", 5412)
, (1,NULL,NULL, "Av Avellaneda 6321", "Santa Fe", "Rosario", 5412)
, (1,NULL,NULL, "El Cano 5544", "Buenos Aires", "Mar del Plata", 7541)
, (1,NULL,NULL, "Pasco 4521", "Buenos Aires", "Ramos Mejia", 5421)
, (1,NULL,NULL, "Escalada 2485", "Buenos Aires", "CABA", 4440)
, (1,NULL,NULL, "Calle 618", "Buenos Aires", "Ing Juan Allan", 42420)
, (1,NULL,NULL, "Luque 70", "Entre Rios", "Concordia", 8963)
, (1,NULL,NULL, "Pergamino 3751", "Buenos Aires", "CABA", 1880)
, (1,NULL,NULL, "Int Fco Rabanal 5555", "Buenos Aires", "CABA", 1880);

INSERT INTO facturas (id_cliente,id_empleado,fecha,total) VALUES
(1,1,CURDATE(),285000.00)
, (7,7,CURDATE(),624000.00)
, (2,7,CURDATE(),178000.00)
, (3,7,CURDATE(),1521300.00)
, (4,7,CURDATE(),77000.00)
, (5,7,CURDATE(),213000.00)
, (6,7,CURDATE(),20000.00)
, (8,7,CURDATE(),86000.00)
, (9,7,CURDATE(),195000.00)
, (10,7,CURDATE(),38000.00)
, (11,7,CURDATE(),237000.00)
, (12,7,CURDATE(),92000.00)
, (13,7,CURDATE(),40000.00)
, (14,7,CURDATE(),117000.00);

INSERT INTO detalle_factura (id_factura,id_producto,id_color,cantidad,precio) VALUES
(1,22,18,3,50000.00)
, (1,22,24,3,45000.00)
, (2,3,6,6,100000.00)
, (2,68,33,1,16000.00)
, (3,75,6,4,25000.00)
, (3,75,18,2,25000.00)
, (3,21,31,1,28000.00)
, (4,3,6,12,120000.00)
, (4,1,6,2,30000.00)
, (4,68,33,1,16000.00)
, (4,67,33,1,5500.00)
, (5,52,31,1,77000.00)
, (6,3,5,1,170000.00)
, (6,1,5,1,43000.00)
, (6,67,33,1,0.00)
, (7,50,31,1,20000.00)
, (8,10,8,2,43000.00)
, (9,15,6,1,190000.00)
, (9,66,33,2,2500)
, (10,46,19,1,38000.00)
, (11,22,1,1,50000.00)
, (11,22,18,1,50000.00)
, (11,22,24,1,55000.00)
, (11,21,1,1,25500.00)
, (11,21,18,1,25500.00)
, (11,21,24,1,28000.00)
, (12,46,28,2,46000.00)
, (13,50,18,2,20000.00)
, (14,3,6,1,117000.00);

INSERT INTO formulas (id_producto,nombre) VALUES
(14,'Barniz 20lts');

INSERT INTO detalle_formulas (id_formula,id_material,id_unidad_medida,cantidad) VALUES
(1,3,2,16)
, (1,2,2,4)
, (1,22,2,0.05)
, (1,23,2,0.05);